{
    "mean_squared_error": 62.21825960557089,
    "root_mean_squared_error": 7.887855196792782
}