{
    "mean_squared_error": 72.99598567281521,
    "root_mean_squared_error": 8.54376882135836
}